{
    "variables": {
        "client_id": "3d160172-7cc7-42f2-832d-eca1c55193a6",
        "client_secret": "PRE8Q~bGBnMPUCrSRYJgRZ5JuUzWVzsVnOSmpaRC",
        "tenant_id": "f958e84a-92b8-439f-a62d-4f45996b6d07",
        "subscription_id": "e7a256dc-769a-421c-9f8e-e283ed3cbefa",
        "resource_group_name": "Azuredevops",
        "image_name": "Azuredevops-img",
        "location": "West Europe"
    },
	"builders": [{
		"type": "azure-arm",

		"client_id": "{{user `client_id`}}",
		"client_secret": "{{user `client_secret`}}",
		"subscription_id": "{{user `subscription_id`}}",

		"os_type": "Linux",
		"image_publisher": "Canonical",
		"image_offer": "UbuntuServer",
		"image_sku": "18.04-LTS",

		"managed_image_resource_group_name": "{{user `resource_group_name`}}",
		"managed_image_name": "{{user `image_name`}}",

		"azure_tags": {
			"udacity": "udacity-project1-img"
		},

		"location": "{{user `location`}}",
		"vm_size": "Standard_D2s_v3"
	}],
	"provisioners": [{
		"inline": [
			"apt-get update",
			"apt-get upgrade -y",
			"echo 'Hello, World!' > index.html",
        	"nohup busybox httpd -f -p 80 &",
			"touch http.service",
			"echo '[Unit]' > http.service",
			"echo 'Description=This is an example of webservice' >> http.service",
			"echo 'After=network.target' >> http.service",
			"echo 'StartLimitIntervalSec=0' >> http.service",
			"echo '[Service]' >> http.service",
			"echo 'RemainAferExit=yes' >> http.service",
			"echo 'Restart=always' >> http.service",
			"echo 'RestartSec=1' >> http.service",
			"echo 'User=packer' >> http.service",
			"echo 'ExecStart=/usr/bin/nohup /bin/busybox httpd -f -p 8080 -h /home/packer' >> http.service",
			"echo '[Install]' >> http.service",
			"echo 'WantedBy=multi-user.target' >> http.service",
			"sudo mv http.service /etc/systemd/system",
			"sudo chmod 755 /etc/systemd/system/http.service",
			"sudo chown root:root /etc/systemd/system/http.service",
			"sudo systemctl enable http",
			"sudo systemctl daemon-reload"
		],
		"inline_shebang": "/bin/sh -x",
		"type": "shell",
		"execute_command": "chmod +x {{ .Path }}; {{ .Vars }} sudo -E sh '{{ .Path }}'"
	}]
}